,DNA filename,Motif filename,Strand,Motif position,Motif sequence
0,B0222.11 v2.dna,MA0260.1.sites,+,2443,GAAGCA
1,B0222.11 v2.dna,MA0260.1.sites,+,4517,GAAGCA
2,B0222.11 v2.dna,MA0260.1.sites,+,5179,GAAACC
3,B0222.11 v2.dna,MA0260.1.sites,-,178,GAAGCA
4,B0222.11 v2.dna,MA0260.1.sites,-,470,GAAGCC
5,B0222.11 v2.dna,MA0260.1.sites,-,479,GAAGCA
6,B0222.11 v2.dna,MA0260.1.sites,-,753,GAAACC
7,B0222.11 v2.dna,MA0260.1.sites,-,1682,GAAGCA
8,B0222.11 v2.dna,MA0260.1.sites,-,2175,GAATCC
9,B0222.11 v2.dna,MA0260.1.sites,-,3714,GAAGCC
10,B0222.11 v2.dna,MA0260.1.sites,-,3735,GAAGCC
11,B0222.11 v2.dna,MA0260.1.sites,-,5264,GAAGCA
